ratio,cent_y,cent_x,eccentricity,solidity,skew_x,skew_y,kurt_x,kurt_y,output
0.09247516381314733,0.45968922305764415,0.5206471600688468,0.9820213926719968,0.1858143979613506,0.04041197011495218,0.9269980131695965,-0.7412378158790256,1.788507239801847,1
0.08981132075471698,0.4865795374753675,0.5322380380723718,0.9850262792593841,0.17860205831903944,-0.056465970358041254,0.18374568361167967,-0.6179475294015448,0.34727823120941004,1
0.09811152084031735,0.5196619110418416,0.5108526906838066,0.9605027779072235,0.16362281028699216,0.17740440937264937,0.5286367916445696,-0.6849732426655866,-0.07347366827012891,1
0.08963831867057674,0.5027097584349492,0.523959615858163,0.9499870133113619,0.14391086001255493,-0.04551435265076008,0.21304436930592538,-0.33034727423555044,0.6630880131075361,0
0.1026375462465688,0.44298245614035087,0.5288878342034489,0.9518252781218548,0.1672826298385528,0.18853184343480023,0.5379746215031745,-0.5529127539123988,0.1412825043441157,0
0.09206383671696884,0.5644718527683266,0.5298247532175434,0.959771812272661,0.1523809523809524,0.04982253188980939,-0.7768172820182904,-0.4527065969327242,1.4914321930395706,0
