ratio,cent_y,cent_x,eccentricity,solidity,skew_x,skew_y,kurt_x,kurt_y,output
0.11671087533156499,0.3987652972027972,0.4060173393416928,0.9157903136668049,0.18280965982861594,0.2625918923684937,0.6410775715410735,-0.8745919150551593,-0.3215103684496827,1
0.10981973434535104,0.40688357834599037,0.39331882861135814,0.9184126333570878,0.17890262751159197,0.5235080592563274,0.4819844505470557,-0.2634696506031733,-0.32471102123512674,1
0.09264705882352942,0.43624116313191946,0.3833981211532232,0.8747355238823696,0.14624440391311558,0.35081147784115163,0.21756523085533808,-0.5741265402365667,-0.33487342184897173,1
0.09633620689655173,0.5361087807606264,0.42713877960348684,0.8967015447447702,0.15800636267232238,0.6870442903283391,-0.4266353879215228,-0.42870010341145814,-0.06384794063114674,0
0.0695142378559464,0.4822132976349844,0.4038707594195879,0.8598167928178505,0.12697603263641,0.7706418955654176,-0.46686071961610387,0.41761787946722606,-0.14631008998730977,0
0.08540372670807453,0.5005036514731805,0.36620404766857856,0.8771676114703689,0.15874221479568587,0.8269717898783343,-0.2871376912878505,-0.16268192950812876,-0.08520309318908703,0
