ratio,cent_y,cent_x,eccentricity,solidity,skew_x,skew_y,kurt_x,kurt_y,output
0.13531844499586435,0.5354523227383863,0.48466756053316506,0.983524108937939,0.17962231005709267,-0.011751589278839897,-0.43038488340329517,-1.1405021586096786,-0.34590220587218967,1
0.1409982174688057,0.6484197218710492,0.4636248707045167,0.9919767749080584,0.19497165393147647,0.07145386337362145,-0.8158111600856092,-0.9727940666796377,-0.16204299528716337,1
0.11101524302559677,0.5345309517316608,0.47613890540502274,0.9897896478217642,0.15861927265255804,-0.03270058867872577,-0.4518484088224497,-1.172817807058505,-0.1230631211303268,1
0.15215924426450742,0.5057706521121156,0.5175851908040612,0.9854342782262426,0.20017754105636928,-0.11156915437149957,-0.21569190779942196,-1.1991295594348486,-0.4594079668458493,0
0.17159498207885304,0.4915868871482449,0.49259875347426935,0.9851594496681368,0.2504086302713305,-0.09939147716990125,-0.25345837640730645,-1.2255946828374475,0.18348324174932262,0
0.17746759720837488,0.5558079973562459,0.4684583888783089,0.9813438544975224,0.2541949303820064,0.05687667973024752,-0.30833709053852887,-1.2623019671730902,0.0793613674273228,0
