ratio,cent_y,cent_x,eccentricity,solidity,skew_x,skew_y,kurt_x,kurt_y,output
0.12109634551495016,0.6027826768567509,0.45843621399176954,0.9960094546949251,0.16655243317340646,0.08876962004446594,-0.8366659802090454,-1.4127787723021485,0.028335589770053904,1
0.08570019723865878,0.5804490867782007,0.4358679295388156,0.9949406535879477,0.12785052228924526,0.1705018705311423,-0.4862093663915146,-1.2327790853032732,0.290142098089861,1
0.1013527362164378,0.5343484208648069,0.446451031027716,0.9971716797012923,0.15760956175298804,0.08632497598525707,-0.3415091210378971,-1.3600142843205407,-0.20237563664026625,1
0.1108338531919318,0.6160770124184759,0.44840115683655996,0.9922563011559864,0.14884110583635857,0.09070110422771041,-0.7379373447312934,-1.5029973244567156,-0.030022023345881,0
0.10947249007373795,0.532762983491987,0.4462782762542651,0.9907201786351908,0.16339315949881478,0.107453777553663,-0.1477309148505218,-1.326762897782299,-0.4827581647713832,0
0.1212338593974175,0.5780054841968538,0.46832579185520357,0.9880928852665558,0.14794280711992996,-0.009650746589470223,-0.5956736092253093,-1.3520891107031665,-0.5189353581751863,0
