ratio,cent_y,cent_x,eccentricity,solidity,skew_x,skew_y,kurt_x,kurt_y,output
0.10792991329479769,0.48415271966527196,0.47633927491716443,0.9778538046927814,0.12127055003044449,0.13659800306916595,-0.13519868192501924,-1.5357526345817079,0.14833485118568168,1
0.10217669654289373,0.4857919446503583,0.46772993088782566,0.9662844535575141,0.12031359935671927,0.24221865852287286,-0.18864780325455313,-1.5187320557777992,-0.13604108058486375,1
0.09963768115942029,0.48798484848484847,0.46917490118577077,0.9813968503445085,0.10933306828347082,0.19034607245181773,-0.3850034857164791,-1.5409299178375535,0.06531264322310415,1
0.09933574879227053,0.5706330737082067,0.4909181680689544,0.9816963078341434,0.12325559614123817,0.08552922372839097,-0.9610822874711801,-1.418732235784094,0.3896480572890715,0
0.12832405689548546,0.6080976969100893,0.4761145592470894,0.985722052487305,0.151386186770428,0.144320528414488,-0.9512839065169726,-1.4191055951070066,0.2685917832175986,0
0.08552631578947369,0.6023129251700681,0.49762226078015553,0.9825416217306885,0.11806937116166422,0.04211379104139582,-0.8508668752953844,-1.4172202904418654,0.10563422946459378,0
