ratio,cent_y,cent_x,eccentricity,solidity,skew_x,skew_y,kurt_x,kurt_y,output
0.2304075235109718,0.5440115440115441,0.3813237938853702,0.9571617714603741,0.3751595065929392,0.4205279555468766,-0.2561846640808091,-0.4620630018518317,-0.333228363169773,1
0.20064102564102565,0.5676797465934846,0.3774405395811147,0.957409354670408,0.3424507658643326,0.574922658300791,-0.46394472073645554,-0.318935305868536,-0.021485512143481156,1
0.167998667998668,0.5481381849072632,0.38031146257112564,0.9715353107331222,0.36717612809315864,0.8655979569279219,-0.07695850825801939,0.25456587998650715,0.06911719663238891,1
0.18669950738916255,0.5709899008279501,0.5312759140595552,0.9446588415395071,0.24063492063492065,-0.12499421510248605,-0.26451307427508225,-1.1357234155487674,-0.4763653733710944,0
0.1876213315062236,0.4769247118608044,0.502449896443162,0.9444192625681969,0.23974901502991391,-0.10546493696551168,0.2657078784593252,-1.0618028196824307,-0.2634149543362363,0
0.1612789051439358,0.5887822857464408,0.4156295860803066,0.9652346457334395,0.23439643347050754,0.049010264022350265,-0.04165544048365799,-0.8733308312886687,-0.3996534081895895,0
