ratio,cent_y,cent_x,eccentricity,solidity,skew_x,skew_y,kurt_x,kurt_y,output
0.11461538461538462,0.4715958240119314,0.44369245826880055,0.9749426902667789,0.27950601844614664,0.26161076031264,0.06796381411304106,-0.6533641412313669,-0.912592123055505,1
0.1312417145382236,0.45672093845609824,0.4449663903068921,0.9794405957837167,0.3315348837209302,0.20584269087682866,0.08349609010202455,-1.0566852408365048,-0.9997643410248256,1
0.12203791469194313,0.42755322193602363,0.4240139528870951,0.9782974524558034,0.298303682250724,0.26172898153094465,0.23341854592414174,-0.7391136673280863,-0.8597565847384074,1
0.09570400359874044,0.47528234756495624,0.4020942258928529,0.9813355577126806,0.18586873430162718,-0.1019537079358528,-0.03641728239642566,-0.7788428357780641,-0.8597112019116753,0
0.11929693343305908,0.5079534258844604,0.4607756569121436,0.9710348022345576,0.2340082159624413,-0.12556648941643214,-0.21446348938318396,-1.0705503159919387,-0.6573856397012197,0
0.08692500696961249,0.4174093498849187,0.4090421311510295,0.9677691615008752,0.156888396900473,0.15331042463380248,0.3430380026031991,-1.199093112727781,-0.17589028490192593,0
