ratio,cent_y,cent_x,eccentricity,solidity,skew_x,skew_y,kurt_x,kurt_y,output
0.11687122183550101,0.6277577334831727,0.439042669750738,0.9886593932311665,0.17793892065262865,0.20097482557271498,-0.9821092104497231,-1.3184815095513212,1.2034032600751239,1
0.13189207306854367,0.6719139724222316,0.5162711942366625,0.9888342933599453,0.19886291850915983,-0.07484648432473347,-1.2019383658800242,-1.3643006796233699,1.3605742392530882,1
0.11791617473435655,0.6353142320758091,0.49305692032395865,0.9915091076228202,0.1749507335231005,-0.006663445476503582,-1.1027338237455577,-1.351177975648389,1.768451442864194,1
0.13097072419106318,0.53938185443669,0.47449329900310294,0.9866044718625563,0.2054794520547945,-0.02732239155144369,-0.4956337385738337,-1.220000973485743,0.6582481550238128,0
0.10877957658779576,0.6606393739561361,0.4678930113961597,0.986430669564059,0.18036341110881685,0.054776209081797284,-1.126705658178366,-1.2839040107374533,1.80046622574943,0
0.11667928684518483,0.5981815977694266,0.45300840485613914,0.9833350257842587,0.2148016727917881,0.18124353616833244,-0.7360314790852329,-1.173510032766858,0.4790880324049702,0
