ratio,cent_y,cent_x,eccentricity,solidity,skew_x,skew_y,kurt_x,kurt_y,output
0.09948580371115583,0.45702915997859817,0.47158833148704965,0.9834899110434447,0.20389461626575028,-0.12442243917485869,0.10283181422063158,-1.1578502387637861,-1.0617202727610984,1
0.08860759493670886,0.4580049416559958,0.4348497470386249,0.98137900581004,0.18947688564476886,0.051932170827271446,0.008243988212638675,-1.0741650497487674,-1.0999631431499637,1
0.0880257298367145,0.43032183990527784,0.450096082199302,0.9808181919685323,0.19738155996893375,-0.0017576208156844277,0.1478897099429624,-1.1635845823413504,-0.7820605896128963,1
0.08770614692653673,0.4179606625258799,0.48015421907047523,0.9821748249432504,0.20330147697654213,-0.051621193285561875,0.2963692638225377,-1.2934964085993685,-1.0688013463855772,0
0.10099337748344371,0.4869521579123453,0.49160682620676105,0.9718915027589271,0.2245398773006135,-0.08225708914892847,-0.04465535155586452,-1.2219247573259913,-1.1215077533878999,0
0.09649122807017543,0.5121548821548821,0.5132974481658692,0.9685224662436325,0.19742746036494166,-0.11718704322481029,-0.137437990375808,-1.3051315537879316,-1.210357481027491,0
