ratio,cent_y,cent_x,eccentricity,solidity,skew_x,skew_y,kurt_x,kurt_y,output
0.1423785594639866,0.38668187496605294,0.5111906280629153,0.9783826849095002,0.21871614301191766,0.021407200959328358,0.5550890906242409,-1.2953987967965543,-0.4955915733488303,1
0.126147992652847,0.38723278660876165,0.4824076458203959,0.9623073084807084,0.2026130017911706,0.23306820560696867,0.4202730800702639,-1.200591345160066,-0.6629398942046971,1
0.1170871013802951,0.40186584611671716,0.49332019872180766,0.9447419053334727,0.1846252814409778,0.16604171656683767,0.63793067631731,-1.060814990417439,-0.4162615603444628,1
0.1398170438131921,0.5219563340323178,0.483426641784413,0.9232395201595,0.191430454845089,0.12430401644322253,0.2884388298555579,-1.2807994977123176,-1.0284406230440972,0
0.12143928035982009,0.5273255004870678,0.47453210980243765,0.9297513702516681,0.16904347826086957,0.1420819423850421,0.29179072195686534,-1.161157597005598,-0.7461954789769267,0
0.1441631504922644,0.5071069078037719,0.4871697613901998,0.9261060236257167,0.18203729544589622,0.10451498894499173,0.37852451846779117,-1.2979790015069623,-1.02457699797918,0
