ratio,cent_y,cent_x,eccentricity,solidity,skew_x,skew_y,kurt_x,kurt_y,output
0.11766955634880163,0.49783315276273027,0.5331875140538441,0.9710915552787973,0.15338595762359783,-0.04539889207167765,-0.4176701844075854,-1.2084696306414318,0.32713201360193844,1
0.13766025641025642,0.5131602881257276,0.48419151667114413,0.9689558775061697,0.17041960123003672,0.12968892380320227,-0.5508408769341941,-1.1553702738519311,0.005733284035562836,1
0.13228075916230367,0.49830898268398266,0.4759962052407826,0.971230902775621,0.16353155339805825,0.13817223229077377,-0.5341207605881261,-1.1762589348314052,-0.034700205977737486,1
0.1289443194983984,0.5015304029535199,0.4953589736163805,0.9768253503424537,0.14585260561208757,0.05960150685778567,-0.4308686935687602,-1.1837992336733032,0.13013010144870396,0
0.15254901960784314,0.5555377035132819,0.5066195372750643,0.9724645066747836,0.1922649203014951,-0.03323747166216448,-0.6966111953625598,-1.169018585885615,0.33998394752623806,0
0.12148534027916917,0.6253953836715507,0.4908100110710549,0.9720944327037232,0.16369690424766017,-0.009727665275409093,-0.9829748195653327,-1.2348610686203518,0.382844226300052,0
